#REF!,,,,,,,,,,,,,,,,,,
,,,,,,,,,,,,,,,,,,DROP
,,,,,,,,,,,,,,,,,,0
,,,,,,,,,,,,,,,,,,0
,,,,,,,,,,,,,,,,,,0
,,,,,,,,,,,,,,,,,,0
,,,,,,,,,,,,,,,,,,0
,,,,,,,,,,,,,,,,,,0
,,,,,,,,,,,,,,,,,,0
,,,,,,,,,,,,,,,,,,0
,,,,,,,,,,,,,,,,,,0
,,,,,,,,,,,,,,,,,,0
,,,,,,,,,,,,,,,,,,0
,,,,,,,,,,,,,,,,,,0
,,,,,,,,,,,,,,,,,,0
,,,,,,,,,,,,,,,,,,0
,,,,,,,,,,,,,,,,,,0
,,,,,,,,,,,,,,,,,,0
,,,,,,,,,,,,,,,,,,0
,,,,,,,,,,,,,,,,,,0
,,,,,,,,,,,,,,,,,,0
,,,,,,,,,,,,,,,,,,0
,,,,,,,,,,,,,,,,,,0
,,,,,,,,,,,,,,,,,,0
,,,,,,,,,,,,,,,,,,0
,,,,,,,,,,,,,,,,,,0